{
  "rabbit_version": "3.9.8",
  "rabbitmq_version": "3.9.8",
  "product_name": "RabbitMQ",
  "product_version": "3.9.8",
  "users": [
    {
      "name": "guest",
      "password_hash": "NlJ1XdpN6Xl+lvcE9yAMJZITV5Wqc9cGKjwT+NsUy9cIDAj3",
      "hashing_algorithm": "rabbit_password_hashing_sha256",
      "tags": [
        "administrator"
      ],
      "limits": {}
    }
  ],
  "vhosts": [
    {
      "name": "cavetto"
    },
    {
      "name": "chargingstation"
    },
    {
      "name": "celery"
    },
    {
      "name": "ipsum"
    }
  ],
  "permissions": [
    {
      "user": "guest",
      "vhost": "chargingstation",
      "configure": ".*",
      "write": ".*",
      "read": ".*"
    },
    {
      "user": "guest",
      "vhost": "celery",
      "configure": ".*",
      "write": ".*",
      "read": ".*"
    },
    {
      "user": "guest",
      "vhost": "cavetto",
      "configure": ".*",
      "write": ".*",
      "read": ".*"
    },
    {
      "user": "guest",
      "vhost": "ipsum",
      "configure": ".*",
      "write": ".*",
      "read": ".*"
    }
  ],
  "topic_permissions": [],
  "parameters": [],
  "global_parameters": [
    {
      "name": "internal_cluster_id",
      "value": "rabbitmq-cluster-id-OXzhTp6bCCCUvvfaYtIi5w"
    }
  ],
  "policies": [],
  "queues": [],
  "exchanges": [
    {
      "name": "chargingstation",
      "vhost": "cavetto",
      "type": "direct",
      "durable": true,
      "auto_delete": false,
      "internal": false,
      "arguments": {}
    },
    {
      "name": "ipsum",
      "vhost": "ipsum",
      "type": "direct",
      "durable": true,
      "auto_delete": false,
      "internal": false,
      "arguments": {}
    }
  ],
  "bindings": []
}